"LAUNCHES_REC_ID","LAUNCH_DATE","VEHICLE_NAME","PAD_NAME","PAYLOAD","AGENCY","PURPOSE","ORBIT_TYPE","OUTCOME","SPACE_LAUNCH_REPORT_FLAG","GUNTER_FLAG","SPACE_FLIGHT_NOW_FLAG","NOONAN_FLAG","AST_FLAG","WIKIPEDIA_FLAG","JSR_FLAG","SPACEPORT_REC_ID"
"1","2013-01-05 00:00:00","STIG-B III","","Scientific","Armadillo Aerospace","","","Failure","False","False","False","False","True","False","True","19"
"2","2013-01-26 22:00:00","Ground Based Interceptor","LF-23","","Missile Defense Agency","Anti-ballistic missile test","Sub-orbital","Successful","False","False","False","False","False","True","True","23"
"3","2013-01-26 22:50:00","Terrier Improved Orion","LA-2","","NASA","Atmospheric Experiments","Sub-orbital","Successful","False","False","False","False","False","True","True","9"
"4","2013-01-31 01:48:00","Atlas 5-401","SLC-41","TDRS-K","United Launch Alliance","Communications","Geosynchronous","Operational","True","True","True","False","False","True","True","2"
"5","2013-02-01 06:56:00","Zenit 3SL/DMSL","Odyssey","Intelsat 27","Energia Logistics, Ltd. (ELUS)","Communications","","Failure","True","True","True","False","True","True","False",""
"6","2013-02-07 08:21:00","Talos Terrier Oriole Nihka","LC-4","","NASA","Auroral Research","Sub-orbital","Successful","False","False","False","False","False","True","True","15"
"7","2013-02-11 18:02:00","Atlas 5-401","SLC-3E","LCDM (Landsat 8)","United Launch Alliance","Earth Observation","Heliocentric","Operational","True","True","True","False","False","True","True","23"
"8","2013-02-13 09:10:00","MRBTM","","","Missile Defense Agency","ABM Target","Sub-orbital","Successful","False","False","False","False","False","True","True","13"
"9","2013-02-13 09:15:00","RIM-161C Standard Missile 3 Block 1A","","","US Navy","ABM Test","Sub-orbital","Successful","False","False","False","False","False","True","True",""
"10","2013-02-15 16:34:00","Terrier Improved Orion","","","NASA","Technology","Sub-orbital","Successful","False","False","False","False","False","True","True","24"
"11","2013-03-01 15:10:00","Falcon 9 v1.0","SLC-40","Dragon CRS-2","SpaceX","ISS Delivery","Low Earth","Successful","True","True","True","False","True","True","True","2"
"12","2013-03-06 12:00:00","Grasshopper","","","SpaceX","Testing","","Successful","False","False","False","False","True","False","True","21"
"13","2013-03-11 06:10:00","Terrier Lynx","LA-2","","DoD","Radar Target","Sub-orbital","Successful","False","False","False","False","False","True","True","9"
"14","2013-03-19 21:21:00","Atlas 5-401","SLC-41","SBIRS GEO-2","US Air Force","Missile Detection","Geosynchronous","Operational","True","True","True","False","False","True","True","2"
"15","2013-03-26 00:00:00","Dragon","","CRS-2","SpaceX","Re-entry","","","False","False","False","False","True","False","False",""
"16","2013-04-03 03:36:00","Spaceship Two","MHV-3","","Scaled Composites","","","Successful","False","False","False","False","False","False","True","11"
"17","2013-04-11 12:00:00","Spaceship Two","MHV-3","","Scaled Composites","","","Successful","False","False","False","False","False","False","True","11"
"18","2013-04-18 12:00:00","Grasshopper","","","SpaceX","","","Successful","False","False","False","False","True","False","True","21"
"19","2013-04-19 10:00:00","Dove 2","","","Cosmogia","Technology","Low Earth","Operational","False","False","False","False","False","True","False",""
"20","2013-04-21 08:00:00","Black Brant IX","","","NASA","Astronomy","Sub-orbital","Successful","False","False","False","False","False","True","True","24"
"21","2013-04-21 21:00:00","Antares 110","LP-0A","Cygnus Mass Simulator","Orbital ATK","Demonstration","Low Earth","Operational","True","True","True","False","True","True","True","9"
"22","2013-04-23 17:30:00","Black Brant IX","","","NASA","Solar Research","Sub-orbital","Successful","False","False","False","False","False","True","True","24"
"23","2013-04-29 02:52:00","Spaceship Two","MHV-3","","Scaled Composites","","","Successful","False","False","False","False","True","False","True","11"
"24","2013-05-01 06:00:00","X-51A","","","US Air Force","","","Successful","False","False","False","False","False","False","True","6"
"25","2013-05-01 07:38:00","Terrier Improved Orion","","","NASA","Ionospheric Research","Sub-orbital","Successful","False","False","False","False","False","True","False","16"
"26","2013-05-07 07:39:00","Terrier Oriole","","","NASA","Atmospheric Experiments","Sub-orbital","Successful","False","False","False","False","False","True","False","16"
"27","2013-05-07 07:40:30","Terrier Imp Malemute","","","NASA","Atmospheric Experiments","Sub-orbital","Successful","False","False","False","False","False","True","False","16"
"28","2013-05-09 07:23:00","Terrier Improved Orion","","","NASA","Ionospheric Research","Sub-orbital","Successful","False","False","False","False","False","True","False","16"
"29","2013-05-11 05:00:00","Black Brant IX","","","NASA","Astronomy","Sub-orbital","Successful","False","False","False","False","False","True","True","24"
"30","2013-05-15 21:38:00","Atlas 5-401","SLC-41","GPS 2F-4","US Air Force","Navigation","Medium Earth","Operational","True","True","True","False","False","True","True","2"
"31","2013-05-16 03:25:00","ARAV-C","","","US Army","AMB Target","Sub-orbital","Successful","False","False","False","False","False","True","True","13"
"32","2013-05-16 03:30:00","RIM-161C Standard Missile 3 Block 1B","","","US Navy","ABM Test","Sub-orbital","Successful","False","False","False","False","False","True","True",""
"33","2013-05-22 13:27:00","LGM-30G Minuteman III","LF-04","","US Air Force","Test Flight","Sub-orbital","Successful","False","False","False","False","False","True","True","23"
"34","2013-05-25 00:27:00","Delta 4M+(5,4)","SLC-37B","WGS 5","US Air Force","Communications","Geosynchronous","Operational","True","True","True","False","False","True","True","2"
"35","2013-06-06 03:05:00","Black Brant XII","LA-1","","NASA","Astronomy","Sub-orbital","Successful","False","False","False","False","False","True","True","9"
"36","2013-06-13 12:00:00","Grasshopper","","","SpaceX","","","Successful","False","False","False","False","True","False","True","21"
"37","2013-06-19 21:36:00","Terrier Mk 12 Imp Orion","LA-1","","NASA","","","Successful","False","False","False","False","False","False","True","9"
"38","2013-06-20 09:30:00","Terrier Improved Orion","","","NASA","Student Experiments","Sub-orbital","Successful","False","False","False","False","False","True","False","9"
"39","2013-06-21 13:57:00","SpaceLoft XL","","","NASA","Student Experiments","Sub-orbital","Successful","False","False","False","False","False","True","True","19"
"40","2013-06-28 02:27:00","Pegasus XL","L-1011","IRIS","Orbital Sciences Corp","Sun Imaging & Measurements","Low Earth","Operational","True","True","True","False","False","True","True","23"
"41","2013-07-04 14:31:00","Black Brant VB","LA-2","","NASA","Geospace","Sub-orbital","Successful","False","False","False","False","False","True","True","9"
"42","2013-07-04 14:31:15","Terrier Improved Orion","LA-2","","NASA","Geospace","Sub-orbital","Successful","False","False","False","False","False","True","True","9"
"43","2013-07-05 18:29:00","UGM-96 Trident I","","","Missile Defense Agency","ABM Target","Sub-orbital","Successful","False","False","False","False","False","True","False",""
"44","2013-07-05 18:35:00","Ground Based Interceptor","LF-23","","Missile Defense Agency","ABM Test","","Failure","False","False","False","False","False","True","True","23"
"45","2013-07-19 13:00:00","Atlas 5-551","SLC-41","MUOS 2","US Navy","Communications","Geosynchronous","Operational","True","True","True","False","False","True","True","2"
"46","2013-07-24 12:00:00","Spaceship Two","MHV-3","","Scaled Composites","","","Successful","False","False","False","False","False","False","True","11"
"47","2013-08-08 00:29:00","Delta 4M+(5,4)","SLC-37B","WGS 6","US Air Force","Communications","Geosynchronous","Operational","True","True","True","False","False","True","True","2"
"48","2013-08-08 02:52:00","Spaceship Two","MHV-3","","Scaled Composites","","","Successful","False","False","False","False","False","False","True","11"
"49","2013-08-08 18:10:00","Black Brant IX","","","US Naval Research Lab","Solar Research","Sub-orbital","Successful","False","False","False","False","False","True","True","24"
"50","2013-08-12 12:00:00","Grasshopper","","","SpaceX","","","Successful","False","False","False","False","True","False","True","21"
"51","2013-08-13 10:00:00","Terrier Imp Malemute","LA-2","","NASA","Student Experiments","Sub-orbital","Successful","False","False","False","False","False","True","True","9"
"52","2013-08-14 12:00:00","R-UNK","","","Missile Defense Agency","","","Successful","False","False","False","False","False","False","True","24"
"53","2013-08-28 18:03:00","Delta 4 Heavy","SLC-6","NROL 65","US National Reconnaissance Office","Spy Satellite","Low Earth","Operational","True","True","True","False","False","True","True","23"
"54","2013-09-05 04:04:00","Spaceship Two","MHV-3","","Scaled Composites","","","Successful","False","False","False","False","True","False","True","11"
"55","2013-09-07 03:27:00","Minotaur 5","LP-0B","LADEE","NASA","Moon Explorer","Moon","Successful","True","True","True","False","False","True","True","9"
"56","2013-09-10 00:00:00","UGM-133 Trident II D5","","","US Navy","Test Flight","Sub-orbital","Successful","False","False","False","False","False","True","True",""
"57","2013-09-10 00:00:00","eMRBM","","","Missile Defense Agency","ABM Target","Sub-orbital","Successful","False","False","False","False","False","True","False",""
"58","2013-09-10 00:00:00","MRBM","","","Missile Defense Agency","ABM Target","Sub-orbital","Successful","False","False","False","False","False","True","False","17"
"59","2013-09-10 00:00:00","Standard Missile 3 Block 1A","","","US Navy","ABM Test","Sub-orbital","Successful","False","False","False","False","False","True","True",""
"60","2013-09-10 00:00:00","THAAD","","","US Navy","ABM Test","Sub-orbital","Successful","False","False","False","False","False","True","False","8"
"61","2013-09-12 00:00:00","UGM-133 Trident II D5","","","US Navy","Test Flight","Sub-orbital","Successful","False","False","False","False","False","True","True",""
"62","2013-09-18 00:30:00","ARAV-C++","","","Missile Defense Agency","ABM Target","Sub-orbital","Successful","False","False","False","False","False","True","True","13"
"63","2013-09-18 00:32:00","RIM-161C Standard Missile 3 Block 1B","","","US Navy","ABM Test","Sub-orbital","Successful","False","False","False","False","False","True","True",""
"64","2013-09-18 07:04:00","Atlas 5-531","SLC-41","AEHF 3","US Air Force","Communications","Geosynchronous","Operational","True","True","True","False","False","True","True","2"
"65","2013-09-18 14:58:00","Antares 110","LP-0A","Cygnus ORB-D1","Orbital ATK","ISS Delivery","Low Earth","Successful","True","True","True","False","True","True","True","9"
"66","2013-09-22 10:01:00","LGM-30G Minuteman III","LF-10","","US Air Force","Test Flight","Sub-orbital","Successful","False","False","False","False","False","True","True","23"
"67","2013-09-26 10:33:00","LGM-30G Minuteman III","LF-9","","US Air Force","Test Flight","Sub-orbital","Successful","False","False","False","False","False","True","True","23"
"68","2013-09-29 16:00:00","Falcon 9 v1.1","SLC-4E","Cassiope/5 Cubesats","SpaceX","Communications","Low Earth","Operational","True","True","True","False","True","True","True","23"
"69","2013-10-04 05:33:00","ARAV-ER","","","Missile Defense Agency","ABM Target","Sub-orbital","Successful","False","False","False","False","False","True","True","13"
"70","2013-10-04 05:37:00","RIM-161C Standard Missile 3 Bloack 1B","","","US Navy","ABM Test","Sub-orbital","Successful","False","False","False","False","False","True","True",""
"71","2013-10-06 12:00:00","Grasshopper","","","SpaceX","","","Successful","False","False","False","False","True","False","True","21"
"72","2013-10-21 10:00:00","Black Brant IX","","","NASA","Solar Dynamics Observatory Calibration","Sub-orbital","Successful","False","False","False","False","False","True","True","24"
"73","2013-11-03 09:25:00","Black Brant IX","","","NASA","X-ray Astronomy","Sub-orbital","Successful","False","False","False","False","False","True","True","24"
"74","2013-11-12 16:15:00","SpaceLoft XL","","","NASA","Technology","Sub-orbital","Successful","False","False","False","False","False","True","True","19"
"75","2013-11-18 18:28:00","Atlas 5-401","SLC-41","MAVEN","NASA","Mars Exploration","Areocentric","Operational","True","True","True","False","False","True","True","2"
"76","2013-11-19 23:45:00","Black Brant IX","","","NASA","","","Successful","False","False","False","False","False","False","True","24"
"77","2013-11-20 01:15:00","Minotaur 1","LP-0B","ORS 3","US Air Force","Technology Experiments","Low Earth","Successful","True","True","True","False","True","True","True","9"
"78","2013-11-26 13:55:00","Black Brant IX","","","NASA","","","Successful","False","False","False","False","False","False","True","24"
"79","2013-12-03 22:41:00","Falcon 9 v1.1","SLC-40","SES 8","SpaceX","Communications","Geosynchronous","Operational","True","True","True","False","True","True","True","2"
"80","2013-12-06 07:14:30","Atlas 5-501","SLC-3E","NROL 39","US National Reconnaissance Office","Classified","Low Earth","Operational","True","True","True","False","False","True","True","23"
"81","2013-12-11 05:45:00","Spaceship Two","","","Scaled Composites","","","Successful","False","False","False","False","False","False","True","11"
"82","2013-12-17 12:36:00","LGM-30G Minuteman III","LF-04","","US Air Force","Test Flight","Sub-orbital","Successful","False","False","False","False","False","True","True","23"
"83","2014-01-06 22:06:00","Falcon 9 v1.1","SLC-40","Thaicom 6","SpaceX","Communications","Geosynchronous","Operational","True","True","True","False","True","True","True","2"
"84","2014-01-09 18:07:00","Antares 120","LP-0A","Cygnus/Orb 1","Orbital ATK","ISS Delivery","Low Earth","Successful","True","True","True","False","True","True","True","9"
"85","2014-01-10 04:04:00","Spaceship Two","MHV-3","","Scaled Composites","","","Successful","False","False","False","False","True","False","True","11"
"86","2014-01-14 21:07:00","Terrier Improved Orion","LA-2","","Missile Defense Agency","","","Successful","False","False","False","False","False","False","True","9"
"87","2014-01-14 21:07:00","Terrier Improved Orion","LA-2","","Missile Defense Agency","","","Successful","False","False","False","False","False","False","True","9"
"88","2014-01-14 21:07:00","Terrier Improved Orion","LA-2","","Missile Defense Agency","","","Successful","False","False","False","False","False","False","True","9"
"89","2014-01-17 05:02:00","Spaceship Two","MHV-3","","Scaled Composites","","","Successful","False","False","False","False","False","False","True","11"
"90","2014-01-24 02:33:00","Atlas 5-401","SLC-41","TDRS-L","NASA","Communications","Geosynchronous","Operational","True","True","True","False","False","True","True","2"
"91","2014-02-21 01:59:00","Delta 4M+(4,2)","SLC-37B","GPS 2F-5","US Air Force","Navigation","Medium Earth","Operational","True","True","True","False","False","True","True","2"
"92","2014-03-02 23:16:00","Black Brant IX","LC-3","","NASA","","","Successful","False","False","False","False","False","False","True","15"
"93","2014-04-03 14:46:00","Atlas 5-401","SLC-3E","DMSP F19","US Air Force","Weather Forecasting","Low Earth","Inoperable","True","True","True","False","False","True","True","23"
"94","2014-04-10 17:45:00","Atlas 5-541","SLC-41","NRO L-67","US National Reconnaissance Office","Classified","Geosynchronous","Operational","True","True","True","False","False","True","True","2"
"95","2014-04-16 12:00:00","Falcon 9R","","","SpaceX","","","Successful","False","False","False","False","True","False","True","21"
"96","2014-04-18 19:25:22","Falcon 9 v1.1","SLC-40","CRS-3 Dragon","SpaceX","ISS Delivery","Low Earth","Successful","True","True","True","False","True","True","True","2"
"97","2014-04-30 12:00:00","Falcon 9R","","","SpaceX","","","Successful","False","False","False","False","True","False","True","21"
"98","2014-05-02 19:55:00","Black Brant IX","","","NASA","","","Successful","False","False","False","False","False","False","True","24"
"99","2014-05-17 00:03:00","Delta 4M+(4,2)","SLC-37B","GPS 2F-6","US Air Force","Navigation","Medium Earth","Operational","True","True","True","False","False","True","True","2"
"100","2014-05-18 00:00:00","Dragon","","CRS-3","SpaceX","Re-entry","","","False","False","False","False","True","False","False",""
"101","2014-05-20 17:31:00","SM-3-IB","","","US Navy","","","Successful","False","False","False","False","False","False","True","13"
"102","2014-05-22 13:09:00","Atlas 5-401","SLC-41","NROL-33","US National Reconnaissance Office","Classified","Geosynchronous","Operational","True","True","True","False","False","True","True","2"
"103","2014-05-23 19:40:00","Black Brant IX","","","NASA","","","Successful","False","False","False","False","False","False","True","24"
"104","2014-05-26 21:10:00","Zenit 3SL/DMSL","Odyssey","Eutelsat 3B","Energia Logistics, Ltd. (ELUS)","Communications","Geosynchronous","","True","True","True","False","True","False","False",""
"105","2014-06-01 12:00:00","Trident D-5","","","US Navy","","","Successful","False","False","False","False","False","False","True",""
"106","2014-06-01 12:00:00","Trident D-5","","","US Navy","","","Successful","False","False","False","False","False","False","True",""
"107","2014-06-17 10:04:00","Falcon 9R","","","SpaceX","","","Successful","False","False","False","False","True","False","True","21"
"108","2014-06-22 06:57:00","Ground Based Interceptor","LF-23","","Missile Defense Agency","","","Successful","False","False","False","False","False","False","True","23"
"109","2014-06-25 23:16:00","Terrier Mk 12 Imp Orion","LA-2","","NASA","","","Successful","False","False","False","False","False","False","True","9"
"110","2014-06-28 09:07:00","LDSD","","","Jet Propulsion Lab","","","Successful","False","False","False","False","False","False","True","13"
"111","2014-07-01 20:38:00","Terrier Imp Malemute","LA-2","","NASA","","","Failure","False","False","False","False","False","False","True","9"
"112","2014-07-02 09:56:23","Delta 2-7320-10C","SLC-2W","OCO 2","NASA","Earth Observation","Low Earth","Operational","False","True","True","False","False","True","True","23"
"113","2014-07-13 16:52:14","Antares 120","LP-0A","Cygnus/Orb-2","Orbital ATK","ISS Delivery","Low Earth","Successful","True","True","True","False","True","True","True","9"
"114","2014-07-14 02:38:00","CSXT","","","Civilian Space Exploration Team","","","Successful","False","False","False","False","False","False","True",""
"115","2014-07-14 15:15:00","Falcon 9 v1.1","SLC-40","Orbcomm OG2 (6sats)","SpaceX","Communications","Low Earth","Operational","True","True","True","False","True","True","True","2"
"116","2014-07-22 07:12:00","Black Brant IX","","","NASA","","","Successful","False","False","False","False","False","False","True","24"
"117","2014-07-28 23:28:00","Delta 4M+(4,2)","SLC-37B","2xGSSAP/ANGELS","US Air Force","Space Awareness","Geosynchronous","Operational","True","True","True","False","False","True","True","2"
"118","2014-07-29 08:52:00","Spaceship Two","MHV-3","","Scaled Composites","","","Successful","False","False","False","False","False","False","True","11"
"119","2014-08-01 00:00:00","Falcon 9R","","","SpaceX","","","","False","False","False","False","True","False","True","21"
"120","2014-08-02 03:23:00","Atlas 5-401","SLC-41","GPS 2F7","US Air Force","Navigation","Medium Earth","Operational","True","True","True","False","False","True","True","2"
"121","2014-08-05 08:00:00","Falcon 9 v1.1","SLC-40","Asiasat 8","SpaceX","Communications","Geosynchronous","Operational","True","True","True","False","True","True","True","2"
"122","2014-08-13 12:00:00","SM-6","","","US Navy","","","Successful","False","False","False","False","False","False","True","24"
"123","2014-08-13 18:30:30","Atlas 5-401","SLC-3E","Worldview 3","DigitalGlobe","Earth Observation","Low Earth","Operational","True","True","True","False","True","True","True","23"
"124","2014-08-22 10:48:00","Falcon 9R","","","SpaceX","","","Failure","False","False","False","False","False","False","True","21"
"125","2014-08-23 01:12:00","Terrier Lynx","LA-2","","NASA","","","Successful","False","False","False","False","False","False","True","9"
"126","2014-08-24 20:24:00","STARS","LP-2","","Missile Defense Agency","","","Failure","False","False","False","False","False","False","True","14"
"127","2014-08-27 21:07:00","Black Brant IX","LA-2","","NASA","","","Successful","False","False","False","False","False","False","True","9"
"128","2014-08-28 02:52:00","Spaceship Two","MHV-3","","Scaled Composites","","","Successful","False","False","False","False","False","False","True","11"
"129","2014-09-07 05:00:00","Falcon 9 v1.1","SLC-40","Asiasat 6","SpaceX","Communications","Geosynchronous","Operational","True","True","True","False","True","True","True","2"
"130","2014-09-17 00:10:00","Atlas 5-401","SLC-41","Nemesis 2/CLIO","United Launch Alliance","Communications","Geosynchronous","Operational","True","True","True","False","False","True","True","2"
"131","2014-09-21 05:52:03","Falcon 9 v1.1","SLC-40","CRS-4 Dragon","SpaceX","ISS Delivery","Low Earth","Successful","True","True","True","False","True","True","True","2"
"132","2014-09-23 02:38:00","Minuteman 3","LF-09","","US Air Force","","","Successful","False","False","False","False","False","False","True","23"
"133","2014-09-30 06:00:00","Black Brant IX","","","NASA","","","Successful","False","False","False","False","False","False","True","24"
"134","2014-10-07 04:04:00","Spaceship Two","MHV-3","","Scaled Composites","","","Successful","False","False","False","False","False","False","True","11"
"135","2014-10-11 16:33:00","Terrier Lynx","LA-2","","NASA","","","Successful","False","False","False","False","False","False","True","9"
"136","2014-10-16 19:12:00","MRBM-T3","","","US Army","","","Successful","False","False","False","False","False","False","True","13"
"137","2014-10-23 01:26:00","SpaceLoft XL","","","UP Aerospace","","","Successful","False","False","False","False","False","False","True","19"
"138","2014-10-25 00:00:00","Dragon","","CRS-4","SpaceX","Re-entry","","","False","False","False","False","True","False","False",""
"139","2014-10-28 22:22:38","Antares 130","LP-0A","Cygnus/Orb-3","Orbital ATK","ISS Delivery","","Failure","True","True","True","False","True","True","True","9"
"140","2014-10-29 17:21:00","Atlas 5-401","SLC-41","GPS 2F-8","US Air Force","Navigation","Medium Earth","Operational","True","True","True","False","False","True","True","2"
"141","2014-10-31 05:02:00","Spaceship Two","MHV-3","","Scaled Composites","","","Failure","False","False","False","False","True","False","True","11"
"142","2014-11-06 07:12:00","Black Brant IX","","","NASA","","","Successful","False","False","False","False","False","False","True","24"
"143","2014-11-06 10:04:00","Terrier Oriole","","","US Army","","","Successful","False","False","False","False","False","False","True","13"
"144","2014-11-06 10:04:00","SM-2MR","","","US Navy","","","Successful","False","False","False","False","False","False","True","13"
"145","2014-11-06 10:04:00","SM-2MR","","","US Navy","","","Successful","False","False","False","False","False","False","True","13"
"146","2014-11-06 10:04:00","SM-3-IB","","","US Navy","","","Successful","False","False","False","False","False","False","True","13"
"147","2014-12-05 00:00:00","Orion","","Orion","Lockheed Martin Commercial Launch Services","Re-entry","","","False","False","False","False","True","False","False",""
"148","2014-12-05 12:05:00","Delta 4 Heavy","SLC-37B","EFT-1 (Orion)","NASA","Testing","Elliptical High Earth","Successful","True","True","True","False","True","True","True","2"
"149","2014-12-11 07:12:00","Black Brant IX","","","NASA","","","Successful","False","False","False","False","False","False","True","24"
"150","2014-12-13 03:19:00","Atlas 5-541","SLC-3E","NROL 35","US National Reconnaissance Office","Classified","Molniya","Operational","True","True","True","False","False","True","True","23"
"151","2014-12-16 15:36:00","Taurion","","","NASA","","","Successful","False","False","False","False","False","False","True","24"
"152","2014-12-16 16:04:00","Improved Orion","","","NASA","","","Successful","False","False","False","False","False","False","True","24"
"153","2015-01-10 09:47:10","Falcon 9 v1.1","SLC-40","Dragon CRS-5","SpaceX","ISS Delivery","Low Earth","Successful","True","True","True","False","True","True","True","2"
"154","2015-01-21 01:04:00","Atlas 5-551","SLC-41","MUOS 3","US Navy","Communications","Geosynchronous","Operational","True","True","True","False","False","True","True","2"
"155","2015-01-25 21:07:00","Terrier Imp Malemute","LC-1","","NASA","","","Successful","False","False","False","False","False","False","True","15"
"156","2015-01-25 21:07:00","Terrier Improved Orion","LC-2","","NASA","","","Successful","False","False","False","False","False","False","True","15"
"157","2015-01-25 21:50:00","Terrier Imp Malemute","LC-3","","NASA","","","Successful","False","False","False","False","False","False","True","15"
"158","2015-01-25 21:50:00","Terrier Improved Orion","LC-5","","NASA","","","Successful","False","False","False","False","False","False","True","15"
"159","2015-01-27 22:48:00","Oriole IV","LC-4","","NASA","","","Successful","False","False","False","False","False","False","True","15"
"160","2015-01-31 14:22:00","Delta 2-7320","SLC-2W","SMAP","NASA","Earth Observation","Low Earth","Operational","True","True","True","False","False","True","True","23"
"161","2015-02-10 00:00:00","Dragon","","CRS-5","SpaceX","Re-entry","","","False","False","False","False","True","False","False",""
"162","2015-02-11 23:03:32","Falcon 9 v1.1","SLC-40","DSCOVR","SpaceX","Earth Observation","Elliptical High Earth","Operational","True","True","True","False","False","True","True","2"
"163","2015-02-23 15:36:00","Terrier Oriole","LA-2","","NASA","","","Successful","False","False","False","False","False","False","True","9"
"164","2015-02-23 15:36:00","Terrier Oriole","LA-2","","NASA","","","Successful","False","False","False","False","False","False","True","9"
"165","2015-02-23 15:36:00","Terrier Oriole","LA-1","","NASA","","","Successful","False","False","False","False","False","False","True","9"
"166","2015-02-25 00:28:00","Black Brant IX","LC-36","","NASA","","","Successful","False","False","False","False","False","False","True","24"
"167","2015-03-02 03:50:00","Falcon 9 v1.1","SLC-40","Eutelsat 115WB/ABS 3A","SpaceX","Communications","Geosynchronous","Operational","True","True","True","False","True","True","True","2"
"168","2015-03-13 03:44:00","Atlas 5-421","SLC-41","MMS","NASA","Earth Observation","Elliptical High Earth","Operational","True","True","True","False","False","True","True","2"
"169","2015-03-22 22:33:00","Minuteman 3","LF-10","","US Air Force","","","Successful","False","False","False","False","False","False","True","23"
"170","2015-03-25 18:36:00","Delta 4M+(4,2)","SLC-37B","GPS 2F-9","US Air Force","Navigation","Medium Earth","Operational","True","True","True","False","False","True","True","2"
"171","2015-03-26 22:48:00","Minuteman 3","LF-04","","US Air Force","","","Successful","False","False","False","False","False","False","True","23"
"172","2015-04-14 20:10:41","Falcon 9 v1.1","SLC-40","Dragon CRS-6","SpaceX","ISS Delivery","Low Earth","Successful","True","True","True","False","True","True","True","2"
"173","2015-04-17 23:02:00","Terrier Imp Malemute","LA-2","","NASA","","","Successful","False","False","False","False","False","False","True","9"
"174","2015-04-27 23:03:00","Falcon 9 v1.1","SLC-40","TurkmenAlem 52E","SpaceX","Communications","Geosynchronous","Operational","True","True","True","False","True","True","True","2"
"175","2015-04-29 02:52:00","New Shepard","","","Blue Origin","","","Successful","False","False","False","False","True","False","True",""
"176","2015-05-01 20:24:00","Black Brant IX","LC-36","","NASA","","","Successful","False","False","False","False","False","False","True","24"
"177","2015-05-06 00:57:00","Dragon V2","SLC-40","","SpaceX","","","Successful","False","False","False","False","False","False","True","2"
"178","2015-05-19 22:33:00","Minuteman 3","LF-09","","US Air Force","","","Successful","False","False","False","False","False","False","True","23"
"179","2015-05-20 15:05:00","Atlas 5-501","SLC-41","X-37B OTV-4","US Air Force","Technology","Low Earth","Operational","True","True","True","False","False","True","True","2"
"180","2015-05-21 00:00:00","Dragon","","CRS-6","SpaceX","Re-entry","","","False","False","False","False","True","False","False",""
"181","2015-05-21 07:12:00","Black Brant IX","LC-36","","NASA","","","Failure","False","False","False","False","False","False","True","24"
"182","2015-06-08 09:36:00","LDSD","","","Jet Propulsion Lab","","","Successful","False","False","False","False","False","False","True","13"
"183","2015-06-24 22:04:00","Terrier Mk 12 Imp Orion","LA-2","","NASA","","","Successful","False","False","False","False","False","False","True","9"
"184","2015-06-28 14:21:11","Falcon 9 v1.1","SLC-40","Dragon CRS-7","SpaceX","ISS Delivery","","Failure","True","True","True","False","True","True","True","2"
"185","2015-07-06 22:19:00","Black Brant IX","LA-2","","NASA","","","Successful","False","False","False","False","False","False","True","9"
"186","2015-07-15 15:36:00","Atlas 5-401","SLC-41","GPS 2F-10","US Air Force","Navigation","Medium Earth","Operational","True","True","True","False","False","True","True","2"
"187","2015-07-24 00:07:00","Delta 4M+(5,4)","SLC-37B","WGS 7","US Air Force","Communications","Geosynchronous","Operational","True","True","True","False","False","True","True","2"
"188","2015-07-28 20:24:00","Lance","","","Missile Defense Agency","","","Successful","False","False","False","False","False","False","True","13"
"189","2015-07-28 20:38:00","SM-6","","","US Navy","","","Successful","False","False","False","False","False","False","True","13"
"190","2015-07-29 18:14:00","SM-2-IV","","","US Navy","","","Successful","False","False","False","False","False","False","True","13"
"191","2015-07-29 18:14:00","Lance","","","Missile Defense Agency","","","Successful","False","False","False","False","False","False","True","13"
"192","2015-07-31 12:28:00","SM-2-IV","","","US Navy","","","Successful","False","False","False","False","False","False","True","13"
"193","2015-08-01 13:40:00","SM-6","","","US Navy","","","Successful","False","False","False","False","False","False","True","13"
"194","2015-08-11 22:04:00","Terrier Imp Malemute","LA-2","","NASA","","","Successful","False","False","False","False","False","False","True","9"
"195","2015-08-18 22:04:00","Minuteman 3","LF-10","","US Air Force","","","Successful","False","False","False","False","False","False","True","23"
"196","2015-08-27 05:45:00","Black Brant IX","LC-36","","NASA","","","Successful","False","False","False","False","False","False","True","24"
"197","2015-09-02 10:18:00","Atlas 5-551","SLC-41","MUOS 4","US Navy","Communications","Geosynchronous","Operational","True","True","True","False","False","True","True","2"
"198","2015-09-03 05:02:00","Black Brant IX","LC-36","","NASA","","","Successful","False","False","False","False","False","False","True","24"
"199","2015-10-02 10:28:00","Atlas 5-421","SLC-41","Morelos 3","United Launch Alliance","Communications","Geosynchronous","Operational","True","True","True","False","True","True","True","2"
"200","2015-10-03 12:00:00","eMRBM","","","Missile Defense Agency","","","Failure","False","False","False","False","False","False","True","17"
"201","2015-10-07 11:02:00","Black Brant IX","","","NASA","","","Successful","False","False","False","False","False","False","True","9"
"202","2015-10-08 12:49:00","Atlas 5-401","SLC-3E","NROL 55","US National Reconnaissance Office","Classified","Low Earth","Operational","True","True","True","False","False","True","True","23"
"203","2015-10-21 00:43:00","Minuteman 3","LF-04","","US Air Force","","","Successful","False","False","False","False","False","False","True","23"
"204","2015-10-31 15:07:00","SRALT","","","Missile Defense Agency","","","Successful","False","False","False","False","False","False","True","17"
"205","2015-10-31 15:07:00","eMRBM","","","Missile Defense Agency","","","Successful","False","False","False","False","False","False","True","17"
"206","2015-10-31 16:13:00","Atlas 5-401","SLC-41","GPS 2F-11","US Air Force","Navigation","Medium Earth","Operational","True","True","True","False","False","True","True","2"
"207","2015-11-04 03:45:00","Super Strypi","LP-41","HaikaSat/Cubesats","Operationally Responsive Space Office","Technology","","Failure","True","True","True","False","False","True","False","13"
"208","2015-11-06 03:07:00","SpaceLoft XL","","","UP Aerospace","","","Successful","False","False","False","False","False","False","True","19"
"209","2015-11-07 13:55:00","Trident D-5","","","US Navy","","","Successful","False","False","False","False","False","False","True","13"
"210","2015-11-09 07:55:00","Trident D-5","","","US Navy","","","Successful","False","False","False","False","False","False","True","13"
"211","2015-11-23 05:16:00","New Shepard","","","Blue Origin","","","Successful","False","False","False","False","True","False","True",""
"212","2015-11-24 16:19:00","Black Brant IX","LC-36","","NASA","","","Successful","False","False","False","False","False","False","True","24"
"213","2015-12-04 18:00:00","Black Brant IX","","","NASA","","","Successful","False","False","False","False","False","False","True","24"
"214","2015-12-06 21:44:57","Atlas 5-401","SLC-41","Cygnus/CRS-4","United Launch Alliance","ISS Delivery","Low Earth","Successful","True","True","True","False","True","True","True","2"
"215","2015-12-09 12:00:00","IRBM-T1","","","Missile Defense Agency","","","Successful","False","False","False","False","False","False","True",""
"216","2015-12-09 12:00:00","SM-3-IB","","","US Navy","","","Successful","False","False","False","False","False","False","True","13"
"217","2015-12-10 01:55:00","Juno","LC-96","","Missile Defense Agency","","","Successful","False","False","False","False","False","False","True","19"
"218","2015-12-17 18:57:00","Black Brant IX","","","NASA","","","Successful","False","False","False","False","False","False","True","24"
"219","2015-12-22 01:29:00","Falcon 9 v1.2","SLC-40","Orbcomm OG2","SpaceX","Communications","Low Earth","Operational","True","True","True","False","True","True","True","2"
"220","2015-12-30 12:00:00","SM-6","","","US Navy","","","Successful","False","False","False","False","False","False","True","13"
"221","2015-12-30 12:00:00","SM-6","","","US Navy","","","Successful","False","False","False","False","False","False","True","13"
"222","2015-12-30 12:00:00","SM-6","","","US Navy","","","Successful","False","False","False","False","False","False","True","13"
"223","2015-12-30 12:00:00","SM-6","","","US Navy","","","Successful","False","False","False","False","False","False","True","13"
"224","2015-12-30 12:00:00","SM-6","","","US Navy","","","Successful","False","False","False","False","False","False","True","13"
"225","2016-01-17 04:01:00","Falcon 9 v1.1","SLC-4E","Jason 3","SpaceX","Earth Observation","Low Earth","Operational","True","True","True","True","False","True","True","23"
"226","2016-01-22 00:57:00","New Shepard","","","Blue Origin","","","Successful","False","False","False","False","True","False","True",""
"227","2016-01-28 09:50:00","Ground Based Interceptor","LF-23","","Missile Defense Agency","","","Successful","False","False","False","False","False","False","True","23"
"228","2016-02-05 13:38:00","Atlas 5-401","SLC-41","GPS 2F-12","US Air Force","Navigation","Medium Earth","Operational","True","True","True","True","False","True","True","2"
"229","2016-02-10 11:40:32","Delta 4M+(5,2)","SLC-6","NROL-45","US National Reconnaissance Office","Classified","Retrograde LEO","Operational","True","True","True","True","False","True","True","23"
"230","2016-02-20 19:40:00","Minuteman 3","LF-09","","US Air Force","","","Successful","False","False","False","False","False","False","True","23"
"231","2016-02-21 16:19:00","Black Brant IX","","","NASA","","","Successful","False","False","False","False","False","False","True","24"
"232","2016-02-24 23:46:00","Falcon 9","","SES 0","","","","","False","False","False","True","False","False","False","2"
"233","2016-02-25 18:57:00","Minuteman 3","LF-10","","US Air Force","","","Successful","False","False","False","False","False","False","True","23"
"234","2016-03-01 02:52:00","Terrier Imp Malemute","","","NASA","","","Successful","False","False","False","False","False","False","True","9"
"235","2016-03-04 23:35:00","Falcon 9 v1.2","SLC-40","SES 9","SpaceX","Communications","Geosynchronous","Operational","True","True","True","False","True","True","True","2"
"236","2016-03-07 00:00:00","Terrier Improved Orion","","","NASA","","","Successful","False","False","False","False","False","False","True","9"
"237","2016-03-13 12:00:00","Trident D-5","","","US Navy","","","Successful","False","False","False","False","False","False","True",""
"238","2016-03-14 12:00:00","Trident D-5","","","US Navy","","","Successful","False","False","False","False","False","False","True",""
"239","2016-03-15 12:00:00","Trident D-5","","","US Navy","","","Successful","False","False","False","False","False","False","True",""
"240","2016-03-23 03:05:52","Atlas 5-401","SLC-41","Cygnus OA-6","United Launch Alliance","ISS Delivery","Low Earth","Successful","True","True","True","True","True","True","True","2"
"241","2016-04-02 03:21:00","New Shepard","","","Blue Origin","","","Successful","False","False","False","False","True","False","True",""
"242","2016-04-08 20:43:31","Falcon 9 v1.2","SLC-40","Dragon/CRS 8","SpaceX","ISS Delivery","Low Earth","Successful","True","True","True","True","True","True","True","2"
"243","2016-05-06 05:21:00","Falcon 9 v1.2","SLC-40","JCSat 14","SpaceX","Communications","Geosynchronous","Operational","True","True","True","True","True","True","True","2"
"244","2016-05-11 18:30:00","Dragon","","CRS 8","SpaceX","Re-entry","","","False","False","False","True","True","False","False",""
"245","2016-05-17 18:57:00","MRBM Target","","","Missile Defense Agency","","","Successful","False","False","False","False","False","False","True","13"
"246","2016-05-24 12:00:00","SM-3-IB","","","US Navy","","","Successful","False","False","False","False","False","False","True","13"
"247","2016-05-25 12:00:00","SM-3-IB","","","US Navy","","","Successful","False","False","False","False","False","False","True","13"
"248","2016-05-26 21:40:00","Falcon 9 v1.2","SLC-40","Thiacom 8","SpaceX","Communications","Geosynchronous","Scrubbed","False","False","False","True","False","False","False","2"
"249","2016-05-27 21:39:00","Falcon 9 v1.2","SLC-40","Thiacom 8","SpaceX","Communications","Geosynchronous","Operational","True","True","True","True","True","True","True","2"
"250","2016-05-30 12:00:00","Trident D-5","","","US Navy","","","Failure","False","False","False","False","False","False","True",""
"251","2016-06-01 06:57:00","Black Brant IX","","","NASA","","","Successful","False","False","False","False","False","False","True","24"
"252","2016-06-09 17:59:00","Delta 4 Heavy","SLC-37B","NROL 37","US National Reconnaissance Office","Classified","","Scrubbed","False","False","False","True","False","False","False","2"
"253","2016-06-11 17:51:00","Delta 4 Heavy","SLC-37B","NROL 37","US National Reconnaissance Office","Classified","Geosynchronous","Operational","True","True","True","True","False","True","True","2"
"254","2016-06-15 14:29:00","Falcon 9 v1.2","SLC-40","Eutelsat 117 West B","SpaceX","Communications","Geosynchronous","Operational","True","True","True","True","True","True","True","2"
"255","2016-06-19 02:38:00","New Shepard","","","Blue Origin","","","Successful","False","False","False","False","True","False","True",""
"256","2016-06-23 22:04:00","Terrier Improved Orion","","","NASA","","","Successful","False","False","False","False","False","False","True","9"
"257","2016-06-24 14:30:00","Atlas 5-551","SLC-41","MUOS 5","US Navy","Communications","Geosynchronous","Operational","True","True","True","True","False","True","True","2"
"258","2016-07-18 04:45:29","Falcon 9 v1.2","SLC-40","Dragon/CRS-9","SpaceX","ISS Delivery","Low Earth","Operational","True","True","True","True","True","True","True","2"
"259","2016-07-27 06:28:00","Black Brant IX","","","NASA","","","Successful","False","False","False","False","False","False","True","24"
"260","2016-07-28 12:37:00","Atlas 5-421","SLC-41","NROL-61","US National Reconnaissance Office","Classified","Geosynchronous","Operational","True","True","True","True","False","True","True","2"
"261","2016-08-14 05:26:00","Falcon 9 v1.2","SLC-40","JCSat 16","SpaceX","Communications","Geosynchronous","Operational","True","True","True","True","True","True","True","2"
"262","2016-08-16 23:31:00","Terrier Imp Malemute","LA-2","","NASA","","","Successful","False","False","False","False","False","False","True","9"
"263","2016-08-19 04:52:00","Delta 4M+(4,2)","SLC-37B","GSSAP 3/4 (AFSPC 6)","US Air Force","Space Awareness","Geosynchronous","Operational","True","True","True","True","False","True","True","2"
"264","2016-08-26 18:30:00","Dragon","","CRS 9","SpaceX","Re-entry","","","False","False","False","True","True","False","False",""
"265","2016-08-30 12:00:00","Trident D-5","","","US Navy","","","Successful","False","False","False","False","False","False","True",""
"266","2016-09-01 00:00:00","Falcon 9 v1.2","SLC-40","AMOS 6","SpaceX","Communications","","Failure","True","True","False","False","False","False","True","2"
"267","2016-09-03 07:00:00","Falcon 9 v1.2","SLC-40","AMOS 6","SpaceX","Communications","Geosynchronous","Scrubbed","False","False","False","False","False","True","False","2"
"268","2016-09-04 21:07:00","Minuteman 3","LF-04","","US Air Force","","","Successful","False","False","False","False","False","False","True","23"
"269","2016-09-08 06:57:00","Spaceship Two","","","Scaled Composites","","","Successful","False","False","False","False","False","False","True","11"
"270","2016-09-08 23:05:00","Atlas 5-411","SLC-41","OSIRIS-REx","NASA","Space Awareness","Heliocentric","Operational","True","True","True","True","False","True","True","2"
"271","2016-10-05 03:36:00","New Shepard","","","Blue Origin","","","Successful","False","False","False","False","True","False","True",""
"272","2016-10-17 23:45:00","Antares 230","LP-0A","Cygnus/OA 5","Orbital Sciences Corp","ISS Delivery","Low Earth","Successful","True","True","True","True","True","True","True","9"
"273","2016-11-01 01:26:00","Spaceship Two","","","Scaled Composites","","","Successful","False","False","False","False","False","False","True","11"
"274","2016-11-03 01:26:00","Spaceship Two","","","Scaled Composites","","","Successful","False","False","False","False","False","False","True","11"
"275","2016-11-11 18:30:33","Atlas 5-401","SLC-3E","WorldView 4","DigitalGlobe","Earth Observation","Low Earth","Operational","True","True","True","True","True","True","False","23"
"276","2016-11-19 23:42:00","Atlas 5-541","SLC-41","GOES-R","NASA","Weather Forecasting","Geosynchronous","Operational","True","True","True","True","False","True","True","2"
"277","2016-11-30 10:04:00","Spaceship Two","","","Scaled Composites","","","Successful","False","False","False","False","False","False","True","11"
"278","2016-12-03 03:36:00","Spaceship Two","MHV-3","","Scaled Composites","","","Successful","False","False","False","False","False","False","True","11"
"279","2016-12-07 23:53:00","Delta 4M+(5,4)","SLC-37B","WGS 8","US Air Force","Communications","Geosynchronous","Operational","True","True","True","True","False","True","True","2"
"280","2016-12-14 12:00:00","SM-6","","","US Navy","","","Successful","False","False","False","False","False","False","True","13"
"281","2016-12-14 12:00:00","SM-6","","","US Navy","","","Successful","False","False","False","False","False","False","True","13"
"282","2016-12-15 04:19:00","Pathfinder Zombie","","","Missile Defense Agency","","","Successful","False","False","False","False","False","False","True","24"
"283","2016-12-15 13:37:21","Pegasus XL","L-1011","CYGNSS","NASA","Weather Forecasting","Low Earth","Operational","False","False","False","True","False","True","True","2"
"284","2016-12-18 19:13:00","Atlas 5-431","SLC-41","EchoStar 19","Lockheed Martin Commercial Launch Services","Communications","Geosynchronous","Operational","True","True","True","True","True","True","True","2"
"285","2016-12-22 10:04:00","Spaceship Two","MHV-3","","Scaled Composites","","","Successful","False","False","False","False","False","False","True","11"
"286","2017-01-14 15:18:00","Falcon 9 v1.2","SLC-4E","Iridium NEXT 102","SpaceX","Communications","Low Earth","Operational","True","True","True","True","True","True","True","23"
"287","2017-01-21 00:42:00","Atlas 5-401","SLC-41","SBIRS GEO 3","US Air Force","Missile Detection","Geosynchronous","Operational","True","True","True","True","False","True","True","2"
"288","2017-01-27 01:40:00","Black Brant IX","LC-3","","NASA","","","Successful","False","False","False","False","False","False","True","15"
"289","2017-02-03 20:38:00","SM-3-IIA","","","Missile Defense Agency","","","Successful","False","False","False","False","False","False","True","13"
"290","2017-02-08 19:40:00","Minuteman 3","LF-10","","US Air Force","","","Successful","False","False","False","False","False","False","True","23"
"291","2017-02-13 23:31:00","Trident D-5","","","US Navy","","","Successful","False","False","False","False","False","False","True",""
"292","2017-02-14 02:24:00","Trident D-5","","","US Navy","","","Successful","False","False","False","False","False","False","True",""
"293","2017-02-14 12:00:00","Trident D-5","","","US Navy","","","Successful","False","False","False","False","False","False","True",""
"294","2017-02-15 12:00:00","Trident D-5","","","US Navy","","","Successful","False","False","False","False","False","False","True",""
"295","2017-02-18 14:58:00","Falcon 9 v1.2","LC-39A","CRS-10","SpaceX","ISS Delivery","Low Earth","Scrubbed","False","False","False","True","False","False","False","8"
"296","2017-02-19 14:39:00","Falcon 9 v1.2","LC-39A","CRS-10","SpaceX","ISS Delivery","Low Earth","Successful","True","False","True","True","True","True","True","8"
"297","2017-02-21 22:19:00","Black Brant IX","LC-1","","NASA","","","Successful","False","False","False","False","False","False","True","15"
"298","2017-02-24 06:14:00","Spaceship Two","MHV-3","","Scaled Composites","","","Successful","False","False","False","False","False","False","True","11"
"299","2017-03-01 17:45:00","Black Brant IX","LC-3","","NASA","","","Successful","False","False","False","False","False","False","True","15"
"300","2017-03-01 17:45:00","Black Brant IX","LC-4","","NASA","","","Successful","False","False","False","False","False","False","True","15"
"301","2017-03-01 17:49:51","Atlas 5-401","SLC-3E","Intruder 12A","US National Reconnaissance Office","Classified","Low Earth","Operational","True","True","True","True","False","True","True","23"
"302","2017-03-01 19:55:00","Black Brant IX","LC-2","","NASA","","","Successful","False","False","False","False","False","False","True","15"
"303","2017-03-14 05:29:00","Falcon 9 v1.2","LC-39A","EchoStar 23","SpaceX","Communications","Geosynchronous","Scrubbed","False","False","False","True","False","False","False","8"
"304","2017-03-16 06:00:00","Falcon 9 v1.2","LC-39A","EchoStar 23","SpaceX","Communications","Geosynchronous","Operational","True","False","True","True","True","True","True","8"
"305","2017-03-18 23:44:00","Delta 4M+(5,4)","SLC-37B","WGS 9","US Air Force","Communications","Geosynchronous","Operational","True","True","True","True","False","True","True","2"
"306","2017-03-19 14:30:00","Dragon","","CRS 10","SpaceX","Re-entry","","","False","False","False","True","True","False","False","2"
"307","2017-03-30 22:27:00","Falcon 9 v1.2","LC-39A","SES 10","SpaceX","Communications","Geosynchronous","Operational","True","False","True","True","True","True","True","8"
"308","2017-04-18 15:11:26","Atlas 5-401","SLC-41","Cygnus OA-7","United Launch Alliance","ISS Delivery","Low Earth","Operational","True","True","True","True","True","True","True","2"
"309","2017-04-25 18:57:00","Minuteman 3","LF-09","","US Air Force","","","Successful","False","False","False","False","False","False","True","23"
"310","2017-04-30 10:55:00","Falcon 9 v1.2","LC-39A","NROL 76","SpaceX","Classified","","Scrubbed","False","False","False","True","False","False","False","8"
"311","2017-05-01 05:31:00","Spaceship Two","MHV-3","","Scaled Composites","","","Successful","False","False","False","False","False","False","True","11"
"312","2017-05-01 11:15:00","Falcon 9 v1.2","LC-39A","NROL 76","SpaceX","Reconnaissance","Low Earth","Operational","True","False","True","True","True","True","True","8"
"313","2017-05-02 18:57:00","Minuteman 3","LF-04","","US Air Force","","","Successful","False","False","False","False","False","False","True","23"
"314","2017-05-05 06:28:00","Black Brant IX","","","NASA","","","Successful","False","False","False","False","False","False","True","24"
"315","2017-05-15 21:50:00","Black Brant IX","","","NASA","","","Successful","False","False","False","False","False","False","True","9"
"316","2017-05-15 23:21:00","Falcon 9 v1.2","LC-39A","Inmarsat 5 F4","SpaceX","Communications","Geosynchronous","Operational","True","False","True","True","True","True","True","8"
"317","2017-05-30 07:26:00","Ground Based Interceptor","LF-23","","Missile Defense Agency","","","Successful","False","False","False","False","False","False","True","23"
"318","2017-06-01 06:00:00","Spaceship Two","MHV-3","","Scaled Composites","","","Successful","False","False","False","False","False","False","True","11"
"319","2017-06-01 21:47:00","Falcon 9 v1.2","LC-39A","Dragon 6/CRS-11","SpaceX","ISS Delivery","Low Earth","Scrubbed","False","False","False","True","False","False","False","8"
"320","2017-06-03 21:07:38","Falcon 9 v1.2","LC-39A","Dragon 6/CRS-11","SpaceX","ISS Delivery","Low Earth","Operational","True","False","True","True","True","True","True","8"
"321","2017-06-14 03:50:00","Sabre Zombie","","","Missile Defense Agency","","","Successful","False","False","False","False","False","False","True","24"
"322","2017-06-21 17:16:00","SM-3-IIA","","","Missile Defense Agency","","","Successful","False","False","False","False","False","False","True","13"
"323","2017-06-21 21:36:00","Terrier Improved Orion","","","NASA","","","Successful","False","False","False","False","False","False","True","9"
"324","2017-06-23 19:10:00","Falcon 9 v1.2","LC-39A","BulgariaSat 1","SpaceX","Communications","Geosynchronous","Operational","True","False","True","True","True","True","True","8"
"325","2017-06-25 20:25:14","Falcon 9 v1.2","SLC-4E","Iridium NEXT 113","SpaceX","Communications","Low Earth","Operational","True","True","True","True","True","True","True","23"
"326","2017-06-26 17:16:00","Black Brant IX","","","NASA","","","Successful","False","False","False","False","False","False","True","24"
"327","2017-06-28 20:24:00","Terrier Imp Malemute","","","NASA","","","Successful","False","False","False","False","False","False","True","9"
"328","2017-06-28 21:15:00","Ariane 5","SLC-4E","","","Communications","","","False","False","True","False","False","False","False","23"
"329","2017-07-02 00:00:00","Falcon 9 v1.2","LC-39A","Intelsat 35e","SpaceX","Communications","Geosynchronous","Scrubbed","False","False","False","True","False","False","False","8"
"330","2017-07-03 00:00:00","Falcon 9 v1.2","LC-39A","Intelsat 35e","SpaceX","Communications","Geosynchronous","Scrubbed","False","False","False","True","False","False","False","8"
"331","2017-07-03 11:50:00","Dragon","","CRS 11","SpaceX","Re-entry","","","False","False","False","True","True","False","False",""
"332","2017-07-05 23:38:00","Falcon 9 v1.2","LC-39A","Intelsat 35e","SpaceX","Communications","Geosynchronous","Operational","True","False","True","True","True","True","True","8"
"333","2017-07-10 12:00:00","THAAD","","","Missile Defense Agency","","","Successful","False","False","False","False","False","False","True","14"
"334","2017-07-29 12:00:00","eMRBM","","","Missile Defense Agency","","","Successful","False","False","False","False","False","False","True",""
"335","2017-07-29 12:00:00","THAAD","","","Missile Defense Agency","","","Successful","False","False","False","False","False","False","True","14"
"336","2017-08-01 21:07:00","Minuteman 3","LF-10","","US Air Force","","","Successful","False","False","False","False","False","False","True","23"
"337","2017-08-03 12:00:00","Spaceship Two","MHV-3","","Scaled Composites","","","Successful","False","False","False","False","False","False","True","11"
"338","2017-08-12 21:36:00","Terrier Imp Malemute","","","NASA","","","Successful","False","False","False","False","False","False","True","9"
"339","2017-08-14 16:31:37","Falcon 9 v1.2","LC-39A","CRS-12","SpaceX","ISS Delivery","Low Earth","Operational","True","False","True","True","True","True","True","8"
"340","2017-08-18 12:29:00","Atlas 5-401","SLC-41","TDRS-M","NASA","Communications","Geosynchronous","Operational","True","True","True","True","False","True","True","2"
"341","2017-08-24 18:51:00","Falcon 9 v1.2","SLC-4E","Formosat 5","SpaceX","Earth Observation","Low Earth","Operational","True","True","True","True","True","True","True","23"
"342","2017-08-26 06:04:00","Minotaur 4","SLC-46","ORS 5","Operationally Responsive Space Office","Space Awareness","Low Earth","Operational","True","True","True","True","True","True","True","2"
"343","2017-08-28 12:00:00","MRBM-T3","","","Missile Defense Agency","","","Successful","False","False","False","False","False","False","True","13"
"344","2017-08-28 12:00:00","SM-6","","","US Navy","","","Successful","False","False","False","False","False","False","True","13"
"345","2017-09-07 14:00:00","Falcon 9 v1.2","LC-39A","OTV-5 (X-37B)","SpaceX","Testing","Low Earth","Operational","True","False","True","False","False","True","True","8"
"346","2017-09-17 13:55:00","Dragon","","CRS-12","SpaceX","Re-entry","","","False","False","False","True","True","False","False",""
"347","2017-09-24 05:49:47","Atlas 5-541","SLC-3E","NROL 42","US National Reconnaissance Office","Reconnaissance","Elliptical High Earth","Operational","True","True","True","True","False","True","True","23"
"348","2017-10-02 22:48:00","Black Brant IX","","","NASA","","","Successful","False","False","False","False","False","False","True","9"
"349","2017-10-05 08:00:00","Atlas 5-421","SLC-41","NROL 52","US National Reconnaissance Office","Classified","Geosynchronous","Scrubbed","False","False","False","True","False","False","False","2"
"350","2017-10-06 08:00:00","Atlas 5-421","SLC-41","NROL 52","US National Reconnaissance Office","Classified","Geosynchronous","Scrubbed","False","False","False","True","False","False","False","2"
"351","2017-10-07 07:59:00","Atlas 5-421","SLC-41","NROL 52","US National Reconnaissance Office","Classified","Geosynchronous","Scrubbed","False","False","False","True","False","False","False","2"
"352","2017-10-09 12:37:01","Falcon 9 v1.2","SLC-4E","Iridium NEXT 3","SpaceX","Communications","Low Earth","Operational","True","True","True","True","True","True","True","23"
"353","2017-10-11 22:53:00","Falcon 9 v1.2","LC-39A","EchoStar 105/SES 11","SpaceX","Communications","Geosynchronous","Operational","True","False","True","True","True","True","True","8"
"354","2017-10-14 07:31:00","Atlas 5-421","SLC-41","NROL 52","US National Reconnaissance Office","Classified","Geosynchronous","Scrubbed","False","False","False","True","False","False","False","2"
"355","2017-10-15 07:28:00","Atlas 5-421","SLC-41","NROL 52","US National Reconnaissance Office","Classified","Geosynchronous","Operational","True","True","True","True","False","True","True","2"
"356","2017-10-29 22:04:00","Black Brant IX","","","NASA","","","Successful","False","False","False","False","False","False","True","24"
"357","2017-10-30 00:57:00","STARS","LC-42","","Missile Defense Agency","","","Successful","False","False","False","False","False","False","True","13"
"358","2017-10-30 19:34:00","Falcon 9 v1.2","LC-39A","Koreasat 5A","SpaceX","Communications","Geosynchronous","Operational","True","False","True","True","True","True","True","8"
"359","2017-10-31 21:37:00","Minotaur-C 3210","SLC-576E","SkySat 8","Orbital Sciences Corp","Earth Observation","Low Earth","Operational","True","True","True","True","True","True","True","23"
"360","2017-11-11 12:30:00","Antares 230","LP-0A","Cygnus OA-8","Orbital Sciences Corp","ISS Delivery","Low Earth","Scrubbed","False","False","False","True","False","False","False","9"
"361","2017-11-12 12:19:51","Antares 230","LP-0A","Cygnus OA-8","Orbital Sciences Corp","ISS Delivery","Low Earth","Operational","True","True","True","True","True","True","True","9"
"362","2017-11-14 09:47:00","Delta 2-7920","SLC-2W","JPSS 1","NOAA","Earth Observation","Low Earth","Scrubbed","False","False","False","True","False","False","False","23"
"363","2017-11-15 09:47:00","Delta 2-7920","SLC-2W","JPSS 1","NOAA","Earth Observation","Low Earth","Scrubbed","False","False","False","True","False","False","False","23"
"364","2017-11-16 02:52:00","Sabre Zombie","MCG","","Missile Defense Agency","","","Successful","False","False","False","False","False","False","True",""
"365","2017-11-18 09:47:36","Delta 2-7920","SLC-2W","JPSS 1","NOAA","Earth Observation","Low Earth","Operational","True","True","True","True","False","True","True","23"
"366","2017-12-08 09:47:00","Falcon 9 v1.2","SLC-40","Dragon 8.2/CRS-13","SpaceX","ISS Delivery","Low Earth","Scrubbed","False","False","False","True","False","False","False","2"
"367","2017-12-09 09:47:00","Falcon 9 v1.2","SLC-40","Dragon 8.2/CRS-13","SpaceX","ISS Delivery","Low Earth","Scrubbed","False","False","False","True","False","False","False","2"
"368","2017-12-12 00:00:00","New Shepard","","Blue Origin Crew Capsule","Blue Origin","","","","False","False","False","False","True","False","True",""
"369","2017-12-12 09:47:00","Falcon 9 v1.2","SLC-40","Dragon 8.2/CRS-13","SpaceX","ISS Delivery","Low Earth","Scrubbed","False","False","False","True","False","False","False","2"
"370","2017-12-13 09:47:00","Falcon 9 v1.2","SLC-40","Dragon 8.2/CRS-13","SpaceX","ISS Delivery","Low Earth","Scrubbed","False","False","False","True","False","False","False","2"
"371","2017-12-15 15:36:09","Falcon 9 v1.2","SLC-40","Dragon 8.2/CRS-13","SpaceX","ISS Delivery","Low Earth","Successful","True","True","True","True","True","True","True","2"
"372","2017-12-23 01:27:34","Falcon 9 v1.2","SLC-4E","Iridium NEXT 116","SpaceX","Communications","Low Earth","Operational","True","True","True","True","True","True","True","23"
"373","2018-01-08 01:00:00","Falcon 9 v1.2","SLC-40","Zuma","SpaceX","Classified","Low Earth","Successful","True","True","True","False","True","True","True","2"
"374","2018-01-10 12:00:00","Spaceship Two","MHV-3","","Scaled Composites","","","Successful","False","False","False","False","False","False","True","11"
"375","2018-01-10 21:00:00","Delta 4M+(5,2)","SLC-6","NROL 47","US National Reconnaissance Office","Reconnaissance","Low Earth","Scrubbed","False","False","False","True","False","False","False","23"
"376","2018-01-11 21:00:00","Delta 4M+(5,2)","SLC-6","NROL 47","US National Reconnaissance Office","Reconnaissance","Low Earth","Scrubbed","False","False","False","True","False","False","False","23"
"377","2018-01-12 22:11:00","Delta 4M+(5,2)","SLC-6","NROL 47","US National Reconnaissance Office","Reconnaissance","Retrograde LEO","Operational","True","True","True","True","False","True","True","23"
"378","2018-01-13 15:15:00","Dragon","","CRS 13","SpaceX","Re-entry","","","False","False","False","True","True","False","False",""
"379","2018-01-20 00:48:00","Atlas 5-411","SLC-41","SBIRS GEO 4","US Air Force","Missile Detection","Geosynchronous","Operational","True","True","True","True","False","True","True","2"
"380","2018-01-30 12:00:00","eMRBM","","","Missile Defense Agency","","","Successful","False","False","False","False","False","False","True","13"
"381","2018-01-30 12:00:00","SM-3-IIA","","","US Navy","","","Failure","False","False","False","False","False","False","True","13"
"382","2018-01-30 21:18:00","Falcon 9 v1.2","SLC-40","Govsat 1","SpaceX","Communications","Geosynchronous","Scrubbed","False","False","False","True","False","False","False","2"
"383","2018-01-31 21:25:00","Falcon 9 v1.2","SLC-40","Govsat 1","SpaceX","Communications","Geosynchronous","Operational","True","True","True","True","True","True","True","2"
"384","2018-02-06 20:45:00","Falcon Heavy","LC-39A","Demo Mission - Tesla","SpaceX","Demonstration","Heliocentric","Successful","True","True","True","True","True","True","True","8"
"385","2018-02-22 14:17:00","Falcon 9 v1.2","SLC-4E","Paz","SpaceX","Earth Observation","Low Earth","Operational","True","True","True","True","True","True","True","23"
"386","2018-03-01 22:02:00","Atlas 5-541","SLC-41","GOES S","NASA","Weather Forecasting","Geosynchronous","Operational","True","True","True","True","False","True","True","2"
"387","2018-03-06 05:33:00","Falcon 9 v1.2","SLC-40","Hispasat 30W-6","SpaceX","Communications","Geosynchronous","Operational","True","True","True","True","True","True","True","2"
"388","2018-03-24 22:48:00","Terrier Imp Malemute","","","NASA","","","Successful","False","False","False","False","False","False","True","9"
"389","2018-03-30 14:13:51","Falcon 9 v1.2","SLC-4E","Iridium Next 140","SpaceX","Communications","Low Earth","Operational","True","True","True","False","True","True","True","23"
"390","2018-03-31 04:19:00","Black Brant IX","","","NASA","","","Successful","False","False","False","False","False","False","True","9"
"391","2018-04-02 20:30:38","Falcon 9 v1.2","SLC-40","Dragon CRS-14","SpaceX","ISS Delivery","Low Earth","Successful","True","True","True","False","True","True","True","2"
"392","2018-04-05 00:00:00","Spaceship Two","MHV-3","","Virgin Galactic","","","","False","False","False","False","True","False","True","11"
"393","2018-04-05 12:00:00","Lynx","","","Missile Defense Agency","","","Successful","False","False","False","False","False","False","True","24"
"394","2018-04-14 23:13:00","Atlas 5-551","SLC-41","AFSPC 11","US Air Force","Testing","Geosynchronous","","True","True","True","False","False","False","True","2"
"395","2018-04-18 22:51:30","Falcon 9 v1.2","SLC-40","TESS","SpaceX","Space Awareness","Elliptical High Earth","Successful","True","True","True","False","False","True","True","2"
"396","2018-04-25 00:28:00","Minuteman 3","LF-10","","US Air Force","","","Successful","False","False","False","False","False","False","True","23"
"397","2018-04-29 05:02:00","New Shepard","","M8","Blue Origin","","","","False","False","False","False","True","False","True",""
"398","2018-05-05 00:00:00","Dragon","","CRS 14","SpaceX","Re-entry","","","False","False","False","False","True","False","False",""
"399","2018-05-05 11:05:00","Atlas 5-401","SLC-3E","InSight","NASA","Communications","Heliocentric","Successful","True","True","True","False","False","True","True","23"
"400","2018-05-11 20:14:00","Falcon 9 v1.2","LC-39A","Bangabandhu 1","SpaceX","Communications","Geosynchronous","Operational","True","True","True","False","True","True","True","8"
"401","2018-05-13 20:24:00","Minuteman 3","LF-04","","US Air Force","","","Successful","False","False","False","False","False","False","True","23"
"402","2018-05-21 08:44:06","Antares 230","LP-0A","Cygnus OA-9","Orbital ATK","ISS Delivery","Low Earth","Successful","True","True","True","False","True","True","True","9"
"403","2018-05-22 12:00:00","Terrier Malemute","","","Sandia Laboratories","","","Successful","False","False","False","False","False","False","True","13"
"404","2018-05-22 19:47:58","Falcon 9 v1.2","SLC-4E","Iridium-NEXT 110","SpaceX","Communications","Low Earth","Operational","True","True","True","False","True","True","True","23"
"405","2018-05-28 12:00:00","Spaceship Two","","VP01-2","Virgin Galactic","","","","False","False","False","False","True","False","True","11"
"406","2018-05-29 06:57:00","Black Brant IX","","","NASA","","","Successful","False","False","False","False","False","False","True","24"
"407","2018-06-04 04:45:00","Falcon 9 v1.2","SLC-40","SES 12","SpaceX","Communications","Geosynchronous","Operational","True","True","True","False","True","True","True","2"
"408","2018-06-18 06:57:00","Black Brant IX","","","NASA","","","Successful","False","False","False","False","False","False","True","24"
"409","2018-06-20 21:36:00","Terrier Improved Orion","","","NASA","","","Successful","False","False","False","False","False","False","True","9"
"410","2018-06-29 09:42:42","Falcon 9 v1.2","SLC-40","Dragon CRS 15","SpaceX","ISS Delivery","Low Earth","Successful","True","True","True","False","True","True","True","2"
"411","2018-07-18 03:07:00","New Shepard","","","Blue Origin","","","","False","False","False","False","True","False","True",""
"412","2018-07-20 00:00:00","Rocket 1","","","Astra Space, Inc.","","","Failure","False","False","False","False","True","False","True","14"
"413","2018-07-22 05:50:00","Falcon 9 v1.2","SLC-40","Telstar 19V","SpaceX","Communications","Geosynchronous","Operational","True","True","True","False","True","True","True","2"
"414","2018-07-22 18:00:00","Black Brant IX","","","NASA","","","Successful","False","False","False","False","False","False","True","24"
"415","2018-07-25 11:39:30","Falcon 9 v1.2","SLC-4E","Iridium Next 154","SpaceX","Communications","Low Earth","Operational","True","True","True","False","True","True","True","23"
"416","2018-07-26 04:48:00","Spaceship Two","","","Virgin Galactic","","","Successful","False","False","False","False","True","False","True","11"
"417","2018-07-30 23:31:00","Minuteman 3","","","US Air Force","","","Failure","False","False","False","False","False","False","True","23"
"418","2018-08-03 00:00:00","Dragon","","CRS 15","SpaceX","Re-entry","","","False","False","False","False","True","False","False",""
"419","2018-08-07 05:18:00","Falcon 9 v1.2","SLC-40","Merah Putih","SpaceX","Communications","Geosynchronous","Operational","True","True","True","False","True","True","True","2"
"420","2018-08-12 07:31:00","Delta 4 Heavy","SLC-37B","Parker Solar Probe","NASA","Sun Imaging & Measurements","Heliocentric","Operational","True","True","True","False","False","True","True","2"
"421","2018-08-13 22:19:00","Terrier Imp Malemute","","","NASA","","","Successful","False","False","False","False","False","False","True","9"
"422","2018-08-25 06:14:00","SARGE","","Pathfinder 1","Exos Aerospace","","","Successful","False","False","False","False","True","False","True","19"
"423","2018-09-07 01:26:00","Black Brant IX","","","NASA","","","Successful","False","False","False","False","False","False","True","9"
"424","2018-09-07 05:16:00","Black Brant IX","","","NASA","","","Successful","False","False","False","False","False","False","True","24"
"425","2018-09-10 04:45:00","Falcon 9 v1.2","SLC-40","Telstar 18V","SpaceX","Communications","Geosynchronous","Operational","True","True","True","False","True","True","True","2"
"426","2018-09-11 20:38:00","R-UNK","","","US Navy","","","Successful","False","False","False","False","False","False","True","13"
"427","2018-09-12 00:57:00","Delta 2-7420","SLC-2W","ICESat 2","NASA","Earth Observation","Low Earth","Operational","True","True","True","False","False","True","True","23"
"428","2018-09-12 02:38:00","SpaceLoft XL","","","UP Aerospace","","","Successful","False","False","False","False","False","False","True","19"
"429","2018-09-17 02:09:00","SpaceLoft XL","","","UP Aerospace","","","Successful","False","False","False","False","False","False","True","19"
"430","2018-10-08 02:21:28","Falcon 9 v1.2","SLC-4E","SAOCOM 1A","SpaceX","Earth Observation","Low Earth","Operational","True","True","True","False","True","True","True","23"
"431","2018-10-17 04:15:00","Atlas 5-551","SLC-41","AEHF 4","US Air Force","Communications","Geosynchronous","Operational","True","True","True","False","False","True","True","2"
"432","2018-10-25 12:00:00","R-UNK","","","US Navy","","","Successful","False","False","False","False","False","False","True","13"
"433","2018-11-06 18:57:00","Minuteman 3","","","US Air Force","","","Successful","False","False","False","False","False","False","True","23"
"434","2018-11-15 20:46:00","Falcon 9 v1.2","LC-39A","Eshail 2","SpaceX","Communications","Geosynchronous","Operational","True","True","True","False","True","True","True","8"
"435","2018-11-17 09:01:31","Antares 230","LP-0A","Cygnus NG-10","Orbital Sciences Corp","ISS Delivery","Low Earth","Successful","True","True","True","False","True","True","True","9"
"436","2018-11-29 00:00:00","Astra Rocket 2","","","Astra Space, Inc.","","","Failure","False","False","False","False","True","False","True","14"
"437","2018-12-03 18:34:05","Falcon 9 v1.2","SLC-4E","Spaceflight SSO-A","SpaceX","Satellite Dispenser","Low Earth","Successful","True","True","True","False","True","True","True","23"
"438","2018-12-05 18:16:16","Falcon 9 v1.2","SLC-40","Dragon CRS-16","SpaceX","ISS Delivery","Low Earth","Successful","True","True","True","False","True","False","True","2"
"439","2018-12-09 12:00:00","SM-3-IIA","","","US Navy","","","Successful","False","False","False","False","False","False","True","13"
"440","2018-12-13 00:00:00","Spaceship Two","","VP03","Virgin Galactic","","","Successful","False","False","False","False","True","False","True","11"
"441","2018-12-17 19:40:00","Black Brant IX","","","NASA","","","Successful","False","False","False","False","False","False","True","24"
"442","2018-12-23 13:51:00","Falcon 9 v1.2","SLC-40","GPS-31","SpaceX","Navigation","Medium Earth","Operational","True","True","True","False","False","True","True","2"
"443","2019-01-11 15:31:33","Falcon 9 v1.2","SLC-4E","Iridium-NEXT 167","SpaceX","Communications","Low Earth","Operational","True","True","True","False","True","True","True","23"
"444","2019-01-13 00:00:00","Dragon","","CRS 16","SpaceX","Re-entry","","","False","False","False","False","True","False","False",""
"445","2019-01-19 19:10:00","Delta 4 Heavy","SLC-6","KH-11 17","US National Reconnaissance Office","Reconnaissance","Low Earth","Operational","True","True","True","False","False","True","True","23"
"446","2019-01-23 00:00:00","New Shepard","","P7","Blue Origin","","","Successful","False","False","False","False","True","False","True",""
"447","2019-02-05 18:57:00","Minuteman 3","","","US Air Force","","","Successful","False","False","False","False","False","False","True","23"
"448","2019-02-22 00:00:00","Spaceship Two","WK2","VF-01","Virgin Galactic","","Sub-orbital","Successful","False","False","False","False","True","False","True","11"
"449","2019-02-22 01:45:00","Falcon 9 v1.2","SLC-40","PSN 6","SpaceX","Communications","Geosynchronous","Operational","True","True","True","False","True","True","True","2"
"450","2019-03-02 00:00:00","SARGE","","M1","Exos Aerospace","","Sub-orbital","Successful","False","False","False","False","True","False","True","19"
"451","2019-03-02 07:49:03","Falcon 9 v1.2","LC-39A","Crew Dragon 1","SpaceX","Testing","Low Earth","Successful","True","True","True","False","False","True","True","8"
"452","2019-03-16 00:26:00","Delta 4M+(5,4)","SLC-37B","WGS 10","US Air Force","Communications","Geosynchronous","Operational","True","True","True","False","False","True","True","2"
"453","2019-03-25 05:31:00","Ground Based Interceptor","LF-23","","US Military","Missile Test","Sub-orbital","Successful","False","False","False","False","False","False","True","23"
"454","2019-03-25 05:31:00","Ground Based Interceptor","LF-05","","US Military","Missile Test","Sub-orbital","Successful","False","False","False","False","False","False","True","23"
"455","2019-04-11 04:48:00","Black Brant IX","","","NASA","","Sub-orbital","Successful","False","False","False","False","False","False","True","24"
"456","2019-04-11 22:35:00","Falcon Heavy","LC-39A","Arabsat 6A","SpaceX","Communications","Geosynchronous","Operational","True","True","True","False","True","True","True","8"
"457","2019-04-17 20:46:07","Antares 230","LP-0A","Cygnus CRS-11","NASA","ISS Delivery","Low Earth","Operational","True","True","True","False","True","True","True","9"
"458","2019-04-20 12:00:00","Traveler","","","Universit of Southern California","Testing","Sub-orbital","Successful","False","False","False","False","False","False","True","19"
"459","2019-04-22 12:00:00","Terrier Malemute","","","US Navy","Military Research","Sub-orbital","Successful","False","False","False","False","False","False","True","13"
"460","2019-04-23 12:00:00","Terrier Malemute","","","US Navy","Military Research","Sub-orbital","Successful","False","False","False","False","False","False","True","13"
"461","2019-04-30 21:36:00","Minuteman 3","LF10","","US Air Force","Military Research","Sub-orbital","Successful","False","False","False","False","False","False","True","23"
"462","2019-05-02 00:00:00","New Shepard","","NS4 P8","Blue Origin","","Sub-orbital","Successful","False","False","False","False","True","False","True",""
"463","2019-05-04 06:48:58","Falcon 9 v1.2","SLC-40","Dragon CRS-17","SpaceX","ISS Delivery","Low Earth","Successful","True","True","True","False","True","True","True","2"
"464","2019-05-08 12:00:00","Trident D-5","","","US Navy","Military Research","Sub-orbital","Successful","False","False","False","False","False","False","True",""
"465","2019-05-08 19:40:00","Minuteman 3","LF-9","","US Air Force","Military Research","Sub-orbital","Successful","False","False","False","False","False","False","True","23"
"466","2019-05-24 02:30:00","Falcon 9 v1.2","SLC-40","Starlink 0.9 (60 sat)","SpaceX","Communications","Low Earth","Operational","True","True","True","False","True","True","True","2"
"467","2019-06-03 00:00:00","Dragon","","CRS 17","SpaceX","Re-entry","","","False","False","False","False","True","False","False",""
"468","2019-06-12 14:17:10","Falcon 9 v1.2","SLC-4E","Radarsat Constellations 1-3","SpaceX","Earth Observation","Low Earth","Operational","True","True","True","False","True","True","True","23"
"469","2019-06-19 21:36:00","Terrier Improved Orion","","","NASA","Military Research","Sub-orbital","Successful","False","False","False","False","False","False","True","9"
"470","2019-06-25 06:30:00","Falcon Heavy","LC-39A","STP-2","SpaceX","Military Research","Elliptical High Earth","Operational","True","True","True","False","True","False","True","8"
"471","2019-07-01 00:00:00","SARGE","","M3","Exos Aerospace","","Sub-orbital","Failure","False","False","False","False","True","False","True","19"
"472","2019-07-01 23:02:00","ATB","SLC-46","","NASA","Testing","Sub-orbital","Successful","False","False","False","False","False","False","True","2"
"473","2019-07-25 00:00:00","Starship Hopper","","18m Hop","SpaceX","","","","False","False","False","False","True","False","False","21"
"474","2019-07-25 22:01:56","Falcon 9 v1.2","SLC-40","Dragon CRS-18","SpaceX","ISS Delivery","Low Earth","Successful","True","True","True","False","True","True","True","2"
"475","2019-08-06 23:23:00","Falcon 9 v1.2","SLC-40","AMOS 17","SpaceX","Communications","Geosynchronous","Operational","True","True","True","False","True","True","True","2"
"476","2019-08-08 10:13:00","Atlas 5-551","SLC-41","AEHF 5","US Military","Communications","Supersynchronous","Operational","True","True","True","False","False","True","True","2"
"477","2019-08-10 18:00:00","Black Brant IX","","","NASA","","Sub-orbital","Successful","False","False","False","False","False","False","True","24"
"478","2019-08-11 21:50:00","Terrier Imp Malemute","","","NASA","","Sub-orbital","Successful","False","False","False","False","False","False","True","9"
"479","2019-08-22 13:06:00","Delta 4M+(4,2)","SLC-37B","GPS 3-2","US Military","Navigation","Medium Earth","Operational","True","True","True","False","False","True","True","2"
"480","2019-08-27 00:00:00","Starship Hopper","","150m Hop","SpaceX","","","","False","False","False","False","True","False","False","21"
"481","2019-08-27 00:00:00","Dragon","","CRS 18","SpaceX","Re-entry","","","False","False","False","False","True","False","False",""
"482","2019-09-03 12:00:00","Trident D-5","","","US Navy","Military Research","Sub-orbital","Successful","False","False","False","False","False","False","True",""
"483","2019-09-03 12:00:00","Trident D-5","","","US Navy","Military Research","Sub-orbital","Successful","False","False","False","False","False","False","True",""
"484","2019-09-05 12:00:00","Trident D-5","","","US Navy","Military Research","Sub-orbital","Successful","False","False","False","False","False","False","True",""
"485","2019-09-05 12:00:00","Trident D-5","","","US Navy","Military Research","Sub-orbital","Successful","False","False","False","False","False","False","True",""
"486","2019-09-17 21:36:00","Black Brant IX","","","NASA","","Sub-orbital","Successful","False","False","False","False","False","False","True","9"
"487","2019-09-30 06:00:00","Black Brant IX","","","NASA","","Sub-orbital","Successful","False","False","False","False","False","False","True","24"
"488","2019-10-01 20:09:00","Minuteman 3","LF10","","US Navy","Military Research","Sub-orbital","Successful","False","False","False","False","False","False","True","23"
"489","2019-10-07 02:52:00","Black Brant IX","","","NASA","","Sub-orbital","Successful","False","False","False","False","False","False","True","24"
"490","2019-10-11 01:59:00","Pegasus XL","L-1011","ICON","NASA","Earth Observation","Low Earth","Operational","True","True","True","False","False","True","True","2"
"491","2019-10-24 12:00:00","Terrier Imp Malemute","","","NASA","","Sub-orbital","Successful","False","False","False","False","False","False","True","9"
"492","2019-10-26 00:00:00","SARGE","","M4","Exos Aerospace","","","Failure","False","False","False","False","True","False","True","19"
"493","2019-10-27 16:33:00","Black Brant IX","","","NASA","","Sub-orbital","Successful","False","False","False","False","False","False","True","24"
"494","2019-11-02 13:59:47","Antares 230+","LP-0A","Cygnus CRS-12","Northrop Grumman","ISS Delivery","Low Earth","Successful","True","True","True","False","True","True","True","9"
"495","2019-11-11 14:56:00","Falcon 9 v1.2","SLC-40","Starlink 1.0 F1","SpaceX","Communications","Low Earth","Successful","True","True","True","False","False","False","True","2"
"496","2019-11-22 03:21:00","SpaceLoft XL","","","UP Aerospace","","Sub-orbital","Successful","False","False","False","False","False","False","True","19"
"497","2019-12-05 17:29:24","Falcon 9 v1.2","SLC-40","Dragon CRS-19","SpaceX","ISS Delivery","Low Earth","Operational","True","True","True","False","True","True","True","2"
"498","2019-12-11 00:00:00","New Shepard","","NS4 P9","Blue Origin","","","Successful","False","False","False","False","True","False","True",""
"499","2019-12-16 23:10:00","Falcon 9 v1.2","SLC-40","JCSat 18/Kacific 1","SpaceX","Communications","Geosynchronous","Successful","True","True","True","False","True","False","True","2"
"500","2019-12-20 11:36:43","Atlas 5-N22","SLC-41","Starliner 1 (CST-100 OFT)","Boeing","ISS Delivery","Low Earth","Successful","True","True","True","False","False","True","True","2"
"501","2020-01-07 02:19:21","Falcon 9 v1.2","SLC-40","Starlink 1 F2","SpaceX","Communications","Low Earth","Operational","True","True","True","False","True","True","True","2"
"502","2020-01-07 23:59:59","Dragon","","CRS 19","SpaceX","Re-entry","","","False","False","False","False","True","False","False",""
"503","2020-01-19 00:00:00","Falcon 9 v1.2","LC-39A","Crew Dragon/In-Flight Abort","SpaceX","","","Successful","False","False","False","False","True","False","True","8"
"504","2020-01-27 01:40:00","Black Brant IX","","","NASA","","","Successful","False","False","False","False","False","False","True","15"
"505","2020-01-29 14:06:49","Falcon 9 v1.2","SLC-40","Starlink 1 F3","SpaceX","Communications","Low Earth","Operational","True","True","True","False","True","True","True","2"
"506","2020-02-04 20:38:00","Minuteman 3","","","US Air Force","Military Research","","Successful","False","False","False","False","False","False","True","23"
"507","2020-02-10 04:03:00","Atlas 5-411","SLC-41","Solar Orbiter","NASA","Sun Imaging & Measurements","Heliocentric","","True","True","True","False","False","True","False","2"
"508","2020-02-15 20:21:04","Antares 230+","LP-0A","Cygnus CRS-13","Northrop Grumman","ISS Delivery","Low Earth","Successful","True","True","True","False","True","True","False","9"
"509","2020-02-17 15:05:55","Falcon 9 v1.2","SLC-40","Starlink 1 F4","SpaceX","Communications","Low Earth","Operational","True","True","True","False","True","True","False","2"
"510","2020-03-07 04:50:31","Falcon 9 v1.2","SLC-40","Dragon CRS-20","SpaceX","ISS Delivery","Low Earth","Successful","True","True","True","False","True","True","False","2"
"511","2020-03-18 12:16:39","Falcon 9 v1.2","LC-39A","Starlink 1 F5","SpaceX","Communications","Low Earth","Operational","True","True","True","False","True","True","False","8"
"512","2020-03-26 20:18:00","Atlas 5-551","SLC-41","AEHF 6","US Military","Communications","Supersynchronous","","True","True","True","False","False","True","False","2"
"513","2020-04-07 00:00:00","Dragon","","CRS 20","SpaceX","Re-entry","","","False","False","False","False","True","False","False",""
"514","2020-04-22 19:30:30","Falcon 9 v1.2","LC-39A","Starlink 1 F6","SpaceX","Communications","Low Earth","Operational","True","True","True","False","True","True","False","8"
"515","2020-05-17 13:14:00","Atlas 5-501","SLC-41","USSF 7 (X37B OTV6)","US Military","Testing","Low Earth","Operational","True","True","True","False","False","True","False","2"
"516","2020-05-25 18:50:00","LauncherOne","","Starshine 4/Flight 1","Virgin Orbit","Testing","Low Earth","Failure","False","True","True","False","True","True","False","11"
"517","2020-05-30 19:22:45","Falcon 9 v1.2","LC-39A","DM-2/Crew Dragon 2","SpaceX","Testing","Low Earth","Operational","True","True","True","False","False","True","False","8"
"518","2020-06-04 01:25:33","Falcon 9 v1.2","SLC-40","Starlink 1 F7","SpaceX","Communications","Low Earth","Operational","True","True","True","False","True","True","False","2"
